Symbol,Company,Call Time,EPS Estimate,avg_volume,iv30_rv30,ts_slope_0_45,expected_move
MILFF,1CM Inc,Q2 2025  Earnings Release,TNS,,,,
ZGBEF,2G Energy AG,Q4 2024  Earnings Release,TNS,,,,
ALPP,Alpine 4 Holdings Inc,Q1 2024  Earnings Release,AMC,,,,
FNINF,49 North Resources Inc,Q4 2024  Earnings Release,AMC,,,,
AAGRY,Astra Agro Lestari Tbk PT,Q1 2025  Earnings Release,TNS,,,,
ABCB,Ameris Bancorp,Q1 2025  Earnings Release,AMC,,,,
ACEHF,Aspirasi Hidup Indonesia Tbk PT,Q1 2025  Earnings Release,TNS,,,,
ACRG,American Clean Resources Group Inc,Q2 2024  Earnings Release,AMC,,,,
ADOOY,Alamtri Resources Indonesia Tbk PT,Q1 2025  Earnings Release,TNS,,,,
ADXDF,Adex Mining Inc,Q4 2024  Earnings Release,TNS,,,,
AEPLF,Anglo-Eastern Plantations PLC,Full Year 2024  Earnings Release,BMO,,,,
AEXFF,Aminex PLC,Full Year 2024  Earnings Release,TNS,,,,
AFBI,Affinity Bancshares Inc,Q1 2025  Earnings Release,TNS,,,,
AFMD,Affimed NV,Q4 2024  Earnings Release,BMO,,,,
AFMJF,Alphamin Resources Corp,Q1 2025  Earnings Release,TNS,,,,
AGAE,Allied Gaming & Entertainment Inc,Q4 2024  Earnings Release,AMC,,,,
AHNMF,Archon Minerals Ltd,Q3 2025  Earnings Release,AMC,,,,
AJIA,Ajia Innogroup Holdings Ltd,Q4 2024  Earnings Release,TNS,,,,
AKO-A,Embotelladora Andina SA,Q1 2025  Earnings Release,TNS,,,,
AKO-B,Embotelladora Andina SA,Q1 2025  Earnings Release,TNS,,,,
ALLGF,Allego NV,Q4 2024  Earnings Release,BMO,,,,
ALPIB,Alpine Banks of Colorado,Q1 2025  Earnings Release,TNS,,,,
ALRS,Alerus Financial Corp,Q1 2025  Earnings Release,AMC,,,,
ALTPF,Altiplano Metals Inc,Q4 2024  Earnings Release,TNS,,,,
AMBR,Amber International Holding Ltd,Q4 2024  Earnings Release,BMO,,,,
AMBZ,American Business Bank,Q1 2025  Earnings Release,TNS,,,,
AMKR,Amkor Technology Inc,Q1 2025  Earnings Release,AMC,,,,
AMPE,Ampio Pharmaceuticals Inc,Q4 2024  Earnings Release,AMC,,,,
AMRN,Amarin Corporation PLC,Q1 2025  Earnings Release,BMO,,,,
ANGGF,Angang Steel Co Ltd,Q1 2025  Earnings Release,TNS,,,,
ANL,Adlai Nortye Ltd,Full Year 2024  Earnings Release,BMO,,,,
AOREF,American Overseas Group Ltd,Q4 2024  Earnings Release,TNS,,,,
APM,Aptorum Group Ltd,Full Year 2024  Earnings Release,TNS,,,,
AQSZF,Aequus Pharmaceuticals Inc,Q4 2024  Earnings Release,AMC,,,,
ARAT,Arax Holdings Corp.,Q4 2024  Earnings Release,AMC,,,,
ARAT,Arax Holdings Corp.,Q1 2025  Earnings Release,AMC,,,,
ARDS,Aridis Pharmaceuticals Inc,Q2 2024  Earnings Release,AMC,,,,
ARE,Alexandria Real Estate Equities Inc,Q1 2025  Earnings Release,AMC,,,,
AREC,American Resources Corp,Q4 2024  Earnings Release,TNS,,,,
ARLP,Alliance Resource Partners LP,Q1 2025  Earnings Release,BMO,,,,
AROC,Archrock Inc,Q1 2025  Earnings Release,TNS,,,,
AROW,Arrow Financial Corp,Q1 2025  Earnings Release,BMO,,,,
ASAPF,Aurora Spine Corp,Q4 2024  Earnings Release,AMC,,,,
ASPS,Altisource Portfolio Solutions SA,Q1 2025  Earnings Release,BMO,,,,
AUMMF,Aumega Metals Ltd,Q3 2025  Earnings Release,TAS,,,,
AUVIQ,Applied UV Inc,Q3 2024  Earnings Release,AMC,,,,
AUVIQ,Applied UV Inc,Q2 2024  Earnings Release,BMO,,,,
AUVIQ,Applied UV Inc,Q4 2024  Earnings Release,AMC,,,,
AUVPQ,Applied UV Inc,Q3 2024  Earnings Release,AMC,,,,
AUVPQ,Applied UV Inc,Q2 2024  Earnings Release,BMO,,,,
AUVPQ,Applied UV Inc,Q4 2024  Earnings Release,AMC,,,,
AVCRF,Avricore Health Inc,Q4 2024  Earnings Release,AMC,,,,
AVCTF,Avacta Group PLC,Full Year 2024  Earnings Release,BMO,,,,
AZASF,Arizona Gold & Silver Inc,Q2 2025  Earnings Release,TNS,,,,
AZREF,Azure Power Global Ltd,Full Year 2024  Earnings Release,TNS,,,,
AZZTF,Aztec Minerals Corp,Q4 2024  Earnings Release,TNS,,,,
BBKCF,BIGG Digital Assets Inc,Q4 2024  Earnings Release,AMC,,,,
BLUAF,Blueriver Acquisition Corp,Q4 2024  Earnings Release,AMC,,,,
BLUVF,Blueriver Acquisition Corp,Q4 2024  Earnings Release,AMC,,,,
BMMJ,Body and Mind Inc,Q4 2024  Earnings Release,BMO,,,,
BTCWF,Bluesky Digital Assets Corp,Q4 2024  Earnings Release,TNS,,,,
CCIR,Cohen Circle Acquisition Corp I,Q1 2025  Earnings Release,AMC,,,,
CCIRU,Cohen Circle Acquisition Corp I,Q1 2025  Earnings Release,AMC,,,,
CLVSF,CellaVision AB,Q1 2025  Earnings Release,TAS,,,,
CSTPF,Arrow Exploration Corp,Q4 2024  Earnings Release,BMO,,,,
CTTRF,Controladora Vuela Compania de Aviacion SAB de CV,Q1 2025  Earnings Release,TNS,,,,
CTTTF,Catena AB,Q1 2025  Earnings Release,TAS,,,,
DBOEF,Deutsche Boerse AG,Q1 2025  Earnings Release,AMC,,,,
DBOEY,Deutsche Boerse AG,Q1 2025  Earnings Release,AMC,,,,
DSAQ,Direct Selling Acquisition Corp,Q4 2024  Earnings Release,AMC,,,,
DSAQU,Direct Selling Acquisition Corp,Q4 2024  Earnings Release,AMC,,,,
DTMXF,Datametrex AI Ltd,Q4 2024  Earnings Release,AMC,,,,
ESIFF,AI Artificial Intelligence Ventures Inc,Q2 2025  Earnings Release,TNS,,,,
FFMH,First Farmers and Merchants Corp,Q1 2025  Earnings Release,BMO,,,,
FMFG,Farmers and Merchants Bank (Maryland),Q1 2025  Earnings Release,TAS,,,,
FNMA,Federal National Mortgage Association,Q1 2025  Earnings Release,BMO,,,,
FNMAG,Federal National Mortgage Association,Q1 2025  Earnings Release,BMO,,,,
FNMAH,Federal National Mortgage Association,Q1 2025  Earnings Release,BMO,,,,
FNMAI,Federal National Mortgage Association,Q1 2025  Earnings Release,BMO,,,,
FNMAJ,Federal National Mortgage Association,Q1 2025  Earnings Release,BMO,,,,
FNMAK,Federal National Mortgage Association,Q1 2025  Earnings Release,BMO,,,,
FNMAL,Federal National Mortgage Association,Q1 2025  Earnings Release,BMO,,,,
FNMAM,Federal National Mortgage Association,Q1 2025  Earnings Release,BMO,,,,
FNMAN,Federal National Mortgage Association,Q1 2025  Earnings Release,BMO,,,,
FNMAO,Federal National Mortgage Association,Q1 2025  Earnings Release,BMO,,,,
FNMAP,Federal National Mortgage Association,Q1 2025  Earnings Release,BMO,,,,
FNMAS,Federal National Mortgage Association,Q1 2025  Earnings Release,BMO,,,,
FNMAT,Federal National Mortgage Association,Q1 2025  Earnings Release,BMO,,,,
FNMFM,Federal National Mortgage Association,Q1 2025  Earnings Release,BMO,,,,
FNMFN,Federal National Mortgage Association,Q1 2025  Earnings Release,BMO,,,,
FNMFO,Federal National Mortgage Association,Q1 2025  Earnings Release,BMO,,,,
GABC,German American Bancorp Inc,Q1 2025  Earnings Release,TNS,,,,
GAERF,Grupo Aeroportuario del Centro Norte SAB de CV,Q1 2025  Earnings Release,AMC,,,,
GBDMF,Global Dominion Access SA,Q1 2025  Earnings Release,TNS,,,,
GBXXY,Grand Baoxin Auto Group Ltd,Full Year 2024  Earnings Release,TNS,,,,
GFAI,Guardforce AI Co Ltd,Full Year 2024  Earnings Release,TNS,,,,
GPRHF,Aidigong Maternal & Child Health Ltd,Full Year 2024  Earnings Release,TNS,,,,
GRVWF,Greatview Aseptic Packaging Co Ltd,Full Year 2024  Earnings Release,TNS,,,,
HISEF,Hisense Home Appliances Group Co Ltd,Q1 2025  Earnings Release,TNS,,,,
IARGF,IAR Systems Group AB,Q1 2025  Earnings Release,TNS,,,,
IONM,Assure Holdings Corp,Q3 2024  Earnings Release,TNS,,,,
IVCBF,Investcorp Europe Acquisition Corp I,Q4 2024  Earnings Release,AMC,,,,
IVCUF,Investcorp Europe Acquisition Corp I,Q4 2024  Earnings Release,AMC,,,,
KOAN,Apollo Biowellness Inc,Q4 2024 Resonate Blends Inc Earnings Release,AMC,,,,
LILIF,Argentina Lithium & Energy Corp,Q4 2024  Earnings Release,AMC,,,,
LNDAF,Linea Directa Aseguradora SA Compania de Seguros y Reaseguros,Q1 2025  Earnings Release,TAS,,,,
LTM,LATAM Airlines Group SA,Q1 2025  Earnings Release,TNS,,,,
MANZF,Manz AG,Q4 2024  Earnings Release,BMO,,,,
MAOTF,Itissalat Al Maghrib Ste SA,Q1 2025  Earnings Release,TAS,,,,
MAQC,Maquia Capital Acquisition Corp,Q4 2024  Earnings Release,AMC,,,,
MAQCU,Maquia Capital Acquisition Corp,Q4 2024  Earnings Release,AMC,,,,
MOYFF,Mynaric AG,Full Year 2024  Earnings Release,TAS,,,,
MYNAY,Mynaric AG,Full Year 2024  Earnings Release,TAS,,,,
NPPTF,Neptune Digital Assets Corp,Q2 2025  Earnings Release,BMO,,,,
OMAB,Grupo Aeroportuario del Centro Norte SAB de CV,Q1 2025  Earnings Release,AMC,,,,
OMMSF,Omineca Mining and Metals Ltd,Q4 2024  Earnings Release,AMC,,,,
PADEF,Alamtri Resources Indonesia Tbk PT,Q1 2025  Earnings Release,TNS,,,,
PAEKY,Aneka Tambang Tbk PT,Q1 2025  Earnings Release,TNS,,,,
PAIOF,Paion AG,Q3 2024  Earnings Release,TNS,,,,
PCASF,Pacific Assets Trust PLC,Full Year 2025  Earnings Release,BMO,,,,
PEASF,Global Food and Ingredients Ltd,Q4 2024  Earnings Release,AMC,,,,
PHDWY,Aspirasi Hidup Indonesia Tbk PT,Q1 2025  Earnings Release,TNS,,,,
PRST,Presto Automation Inc,Q4 2024  Earnings Release,AMC,,,,
PSAHF,Summarecon Agung Tbk PT,Q1 2025  Earnings Release,TNS,,,,
PTABF,Astra Agro Lestari Tbk PT,Q1 2025  Earnings Release,TNS,,,,
PTAIF,Astra International Tbk PT,Q1 2025  Earnings Release,TNS,,,,
PTAIY,Astra International Tbk PT,Q1 2025  Earnings Release,TNS,,,,
PUCK,Goal Acquisitions Corp,Q4 2024  Earnings Release,AMC,,,,
PUCKU,Goal Acquisitions Corp,Q4 2024  Earnings Release,AMC,,,,
RMIAF,Automotive Finco Corp,Q4 2024  Earnings Release,TNS,,,,
RMRYF,Armory Mining Corp,Q1 2025 Spey Resources Corp Earnings Release,AMC,,,,
SAENF,Solar Alliance Energy Inc,Q4 2024  Earnings Release,AMC,,,,
SHXWF,Xinhua Winshare Publishing and Media Co Ltd,Q1 2025  Earnings Release,TNS,,,,
SUAC,ShoulderUP Technology Acquisition Corp,Q4 2024  Earnings Release,TNS,,,,
SUACU,ShoulderUP Technology Acquisition Corp,Q4 2024  Earnings Release,TNS,,,,
TFSVF,Done.ai Group AB,Q1 2025 24SevenOffice Group AB Earnings Release,TNS,,,,
TKGBF,Turkiye Garanti Bankasi AS,Q1 2025  Earnings Release,TNS,,,,
TKGBY,Turkiye Garanti Bankasi AS,Q1 2025  Earnings Release,TNS,,,,
TKGZY,Turkiye Garanti Bankasi AS,Q1 2025  Earnings Release,TNS,,,,
USA,Liberty All-Star Equity Fund,Q1 2025  Earnings Release,TNS,,,,
USGDF,American Pacific Mining Corp,Q4 2024  Earnings Release,TNS,,,,
VLRS,Controladora Vuela Compania de Aviacion SAB de CV,Q1 2025  Earnings Release,TNS,,,,
VXTRF,Voxtur Analytics Corp,Q4 2024  Earnings Release,AMC,,,,
WIHLY,Wihlborgs Fastigheter AB,Q1 2025  Earnings Release,TAS,,,,
WUXAY,WuXi AppTec Co Ltd,Q1 2025  Earnings Release,TNS,,,,
WUXIF,WuXi AppTec Co Ltd,Q1 2025  Earnings Release,TNS,,,,
YZOFF,Yangtze Optical Fibre and Cable Joint Stock Ltd Co,Q1 2025  Earnings Release,TNS,,,,
BANT,Bantec Inc,Q4 2024  Earnings Release,AMC,,,,
BATXF,Battery X Metals Inc,Q4 2024  Earnings Release,AMC,,,,
BDOUF,BDO Unibank Inc,Q1 2025  Earnings Release,TNS,,,,
BDOUY,BDO Unibank Inc,Q1 2025  Earnings Release,TNS,,,,
BEDU,Bright Scholar Education Holdings Ltd,Q2 2025  Earnings Release,BMO,,,,
BEGI,Blackstar Enterprise Group Inc,Q4 2024  Earnings Release,TAS,,,,
BESS,Bimergen Energy Corp,Q4 2024 Bitech Technologies Corp Earnings Release,AMC,,,,
BEVVF,Bee Vectoring Technologies International Inc,Q1 2025  Earnings Release,AMC,,,,
BGACF,BioNeutra Global Corp,Q4 2024  Earnings Release,AMC,,,,
BGUUF,Benguet Corp,Q4 2024  Earnings Release,TNS,,,,
BIGGQ,Big Lots Inc,Q4 2024  Earnings Release,BMO,,,,
BKU,BankUnited Inc,Q1 2025  Earnings Release,BMO,,,,
BKUH,Bakhu Holdings Corp,Q1 2025  Earnings Release,TNS,,,,
BLGVF,Belgravia Hartford Capital Inc,Q4 2024  Earnings Release,AMC,,,,
BMRC,Bank of Marin Bancorp,Q1 2025  Earnings Release,BMO,,,,
BNDSF,Banco de Sabadell SA,Q1 2025  Earnings Release,TAS,,,,
BNDSY,Banco de Sabadell SA,Q1 2025  Earnings Release,TAS,,,,
BPTSY,Biophytis SA,Full Year 2024  Earnings Release,TNS,,,,
BRO,Brown & Brown Inc,Q1 2025  Earnings Release,AMC,,,,
BRX,Brixmor Property Group Inc,Q1 2025  Earnings Release,AMC,,,,
BSBK,Bogota Financial Corp,Q1 2025  Earnings Release,TNS,,,,
BSBR,Banco Santander Brasil SA,Q1 2025  Earnings Release,BMO,,,,
BSFC,Blue Star Foods Corp,Q4 2024  Earnings Release,AMC,,,,
BSFO,Bank of San Francisco,Q1 2025  Earnings Release,TNS,,,,
BSHI,Boss Holdings Inc,Q4 2024  Earnings Release,TNS,,,,
BSMAF,Bursa Malaysia Bhd,Q1 2025  Earnings Release,TNS,,,,
BSRR,Sierra Bancorp,Q1 2025  Earnings Release,BMO,,,,
BTTX,Better Therapeutics Inc,Q2 2024  Earnings Release,TNS,,,,
BWTL,Bowlin Travel Centers Inc,Q4 2024  Earnings Release,TNS,,,,
BYON,Beyond Inc,Q1 2025  Earnings Release,AMC,,,,
CANB,Can B Corp,Q4 2024  Earnings Release,AMC,,,,
CASBF,Cansino Biologics Inc,Q1 2025 CanSino Biologics Inc Earnings Release,TAS,,,,
CBNK,Capital Bancorp Inc,Q1 2025  Earnings Release,TNS,,,,
CBNT,C-Bond Systems Inc,Q4 2024  Earnings Release,BMO,,,,
CZBT,Citizens Bancorp of Virginia Inc,Q4 2024  Earnings Release,TNS,,,,
CZWI,Citizens Community Bancorp Inc,Q1 2025  Earnings Release,TNS,,,,
EBMT,Eagle Bancorp Montana Inc,Q1 2025  Earnings Release,TNS,,,,
EKSO,Ekso Bionics Holdings Inc,Q1 2025  Earnings Release,TNS,,,,
ENTBF,Entheon Biomedical Corp,Q1 2025  Earnings Release,AMC,,,,
EVBN,Evans Bancorp Inc,Q1 2025  Earnings Release,TNS,,,,
EVLO,Evelo Biosciences Inc,Q4 2023  Earnings Release,BMO,,,,
FBRT,Franklin BSP Realty Trust Inc,Q1 2025  Earnings Release,AMC,,,,
FBRT-PE,Franklin BSP Realty Trust Inc,Q1 2025  Earnings Release,AMC,,,,
FGBI,First Guaranty Bancshares Inc,Q1 2025  Earnings Release,BMO,,,,
FGBIP,First Guaranty Bancshares Inc,Q1 2025  Earnings Release,BMO,,,,
FMAO,Farmers & Merchants Bancorp Inc,Q1 2025  Earnings Release,AMC,,,,
FMBM,F & M Bank Corp,Q1 2025  Earnings Release,TNS,,,,
FNRN,First Northern Community Bancorp,Q1 2025  Earnings Release,AMC,,,,
FNWD,Finward Bancorp,Q1 2025  Earnings Release,TNS,,,,
FOTB,First Ottawa Bancshares Inc,Q1 2025  Earnings Release,TNS,,,,
FSBC,Five Star Bancorp,Q1 2025  Earnings Release,AMC,,,,
FSUN,Firstsun Capital Bancorp,Q1 2025  Earnings Release,AMC,,,,
FTBYF,Fortune Bay Corp,Q4 2024  Earnings Release,TNS,,,,
GLBZ,Glen Burnie Bancorp,Q1 2025  Earnings Release,TNS,,,,
HBSI,Highlands Bankshares Inc (West Virginia),Q1 2025  Earnings Release,TNS,,,,
HFBL,Home Federal Bancorp Inc of Louisiana,Q3 2025  Earnings Release,TAS,,,,
HRMY,Harmony Biosciences Holdings Inc,Q1 2025  Earnings Release,BMO,,,,
IROQ,IF Bancorp Inc,Q3 2025  Earnings Release,TNS,,,,
LEEEF,Leef Brands Inc,Q4 2024  Earnings Release,AMC,,,,
LOVFF,Cannara Biotech Inc,Q2 2025  Earnings Release,TAS,,,,
MBIN,Merchants Bancorp,Q1 2025  Earnings Release,AMC,,,,
MBINL,Merchants Bancorp,Q1 2025  Earnings Release,AMC,,,,
MBINM,Merchants Bancorp,Q1 2025  Earnings Release,AMC,,,,
MBINN,Merchants Bancorp,Q1 2025  Earnings Release,AMC,,,,
MSBI,Midland States Bancorp Inc,Q1 2025  Earnings Release,AMC,,,,
MSBIP,Midland States Bancorp Inc,Q1 2025  Earnings Release,AMC,,,,
MVLY,Mission Valley Bancorp,Q1 2025  Earnings Release,TNS,,,,
NAVB,Navidea Biopharmaceuticals Inc,Q2 2024  Earnings Release,AMC,,,,
NBIO,Nascent Biotech Inc,Q3 2024  Earnings Release,TNS,,,,
NKSH,National Bankshares Inc,Q1 2025  Earnings Release,AMC,,,,
NSLYF,Nestle (Malaysia) Bhd,Q1 2025  Earnings Release,TNS,,,,
NWBI,Northwest Bancshares Inc,Q1 2025  Earnings Release,AMC,,,,
NWPP,New Peoples Bankshares Inc,Q1 2025  Earnings Release,TNS,,,,
PBHC,Pathfinder Bancorp Inc (MARYLAND),Q1 2025  Earnings Release,TNS,,,,
PBNNF,Bank Negara Indonesia (Persero) Tbk PT,Q1 2025  Earnings Release,TNS,,,,
PPERF,Bank Mandiri (Persero) Tbk PT,Q1 2025  Earnings Release,TNS,,,,
PPERY,Bank Mandiri (Persero) Tbk PT,Q1 2025  Earnings Release,TNS,,,,
PTBRY,Bank Negara Indonesia (Persero) Tbk PT,Q1 2025  Earnings Release,TNS,,,,
PTHIF,Solusi Bangun Indonesia Tbk PT,Q1 2025  Earnings Release,TNS,,,,
PTHIY,Solusi Bangun Indonesia Tbk PT,Q1 2025  Earnings Release,TNS,,,,
RBB,RBB Bancorp,Q1 2025  Earnings Release,AMC,,,,
RGBP,Regen BioPharma Inc,Q2 2025  Earnings Release,TNS,,,,
RGBPP,Regen BioPharma Inc,Q2 2025  Earnings Release,TNS,,,,
RILY,B Riley Financial Inc,Q4 2024  Earnings Release,BMO,,,,
RILYL,B Riley Financial Inc,Q4 2024  Earnings Release,BMO,,,,
RILYP,B Riley Financial Inc,Q4 2024  Earnings Release,BMO,,,,
RKFL,Rocketfuel Blockchain Inc,Q3 2024  Earnings Release,TNS,,,,
RRBI,Red River Bancshares Inc,Q1 2025  Earnings Release,TNS,,,,
SFBC,Sound Financial Bancorp Inc,Q1 2025  Earnings Release,AMC,,,,
SQZB,SQZ Biotechnologies Co,Q2 2024  Earnings Release,TNS,,,,
SQZB,SQZ Biotechnologies Co,Q3 2024  Earnings Release,TNS,,,,
SRBCF,Sirona Biochem Corp,Q4 2024  Earnings Release,TNS,,,,
SSBI,Summit State Bank,Q1 2025  Earnings Release,TNS,,,,
STBI,Sturgis Bancorp Inc,Q1 2025  Earnings Release,TNS,,,,
TBBA,Teb Bancorp Inc,Q3 2025  Earnings Release,TNS,,,,
TBVPF,Thai Beverage PCL,Q1 2024  Earnings Release,TAS,,,,
TBVPY,Thai Beverage PCL,Q1 2024  Earnings Release,TAS,,,,
TRCY,Tri City Bankshares Corp,Q1 2025  Earnings Release,TNS,,,,
TSGTF,Tsingtao Brewery Co Ltd,Q1 2025  Earnings Release,TNS,,,,
TSGTY,Tsingtao Brewery Co Ltd,Q1 2025  Earnings Release,TNS,,,,
TUPBQ,Tupperware Brands Corp,Q4 2024  Earnings Release,TAS,,,,
UNJCF,Unicaja Banco SA,Q1 2025  Earnings Release,TNS,,,,
WMPN,William Penn Bancorp,Q3 2025  Earnings Release,TNS,,,,
YTENQ,Yield10 Bioscience Inc,Q3 2024  Earnings Release,TNS,,,,
AGCCF,Gensource Potash Corp,Q4 2024  Earnings Release,AMC,,,,
AHFCF,Flow Capital Corp,Q4 2024  Earnings Release,AMC,,,,
AIXI,Xiao-I Corp,Full Year 2024  Earnings Release,BMO,,,,
ASXSF,Elysee Development Corp,Q4 2024  Earnings Release,TNS,,,,
BLONF,CO2 GRO Inc,Q2 2024  Earnings Release,TNS,,,,
CAMJF,Canon Marketing Japan Inc,Q2 2025  Earnings Release,TAS,,,,
CANN,Trees Corp,Q4 2024  Earnings Release,TNS,,,,
CATPF,Giyani Metals Corp,Q4 2024  Earnings Release,AMC,,,,
CAZGF,Catapult Group International Ltd,Full Year 2025  Earnings Release,TNS,,,,
CBGZF,Cabral Gold Inc,Q4 2024  Earnings Release,TNS,,,,
CCB,Coastal Financial Corp (EVERETT),Q1 2025  Earnings Release,TNS,,,,
CCEC,Capital Clean Energy Carriers Corp,Q1 2025  Earnings Release,BMO,,,,
CCEDF,Cascadero Copper Corp,Q1 2025  Earnings Release,AMC,,,,
CCK,Crown Holdings Inc,Q1 2025  Earnings Release,AMC,,,,
CDNS,Cadence Design Systems Inc,Q1 2025  Earnings Release,AMC,,,,
CDP,COPT Defense Properties,Q1 2025  Earnings Release,AMC,,,,
CDSAF,Cydsa SAB de CV,Q1 2025  Earnings Release,TNS,,,,
CDXFF,Cloud DX Inc,Q4 2024  Earnings Release,TNS,,,,
CEIN,Camber Energy Inc,Q4 2024  Earnings Release,AMC,,,,
CGFEF,CF Energy Corp,Q4 2024  Earnings Release,TNS,,,,
CGRA,Cgrowth Capital Inc,Q4 2024  Earnings Release,TNS,,,,
CHELF,Champion Electric Metals Inc,Q4 2024  Earnings Release,AMC,,,,
CHKKD,Chakana Copper Corp,Q3 2025  Earnings Release,AMC,,,,
CHKKF,Chakana Copper Corp,Q3 2025  Earnings Release,AMC,,,,
CHMX,Next-Chemx Corp,Q4 2024 NEXT-ChemX Corp Earnings Release,TAS,,,,
CHNR,China Natural Resources Inc,Full Year 2024  Earnings Release,BMO,,,,
CHPGF,Chesapeake Gold Corp,Q4 2024  Earnings Release,BMO,,,,
CHUC,Charlie's Holdings Inc,Q4 2024  Earnings Release,AMC,,,,
CHUEF,Chubu Electric Power Co Inc,Full Year 2025  Earnings Release,TAS,,,,
CHX,ChampionX Corp,Q1 2025  Earnings Release,AMC,,,,
CINF,Cincinnati Financial Corp,Q1 2025  Earnings Release,AMC,,,,
CIPI,Correlate Energy Corp,Q4 2024  Earnings Release,BMO,,,,
CITAF,COSCO SHIPPING Development Co Ltd,Q1 2025  Earnings Release,TAS,,,,
CITAY,COSCO SHIPPING Development Co Ltd,Q1 2025  Earnings Release,TAS,,,,
CKOCF,Chudenko Corp,Full Year 2025  Earnings Release,TAS,,,,
CLBK,Columbia Financial Inc,Q1 2025  Earnings Release,TNS,,,,
CLPXF,China Longyuan Power Group Corp Ltd,Q1 2025  Earnings Release,TNS,,,,
CLPXY,China Longyuan Power Group Corp Ltd,Q1 2025  Earnings Release,TNS,,,,
CLVR,Clever Leaves Holdings Inc,Q4 2024  Earnings Release,TNS,,,,
CLWT,Euro Tech Holdings Company Ltd,Full Year 2024  Earnings Release,AMC,,,,
CMGO,CMG Holdings Group Inc,Q4 2024  Earnings Release,AMC,,,,
CMZOF,Corporacion Moctezuma SAB de CV,Q1 2025  Earnings Release,TNS,,,,
CNAF,Commercial National Financial Corp (Pennsylvania),Q1 2025  Earnings Release,TNS,,,,
CNICF,China International Capital Corp Ltd,Q1 2025  Earnings Release,TNS,,,,
CNO,CNO Financial Group Inc,Q1 2025  Earnings Release,AMC,,,,
CNVAF,Cnova NV,Q1 2025  Earnings Release,TNS,,,,
COGDF,Compass Gold Corp,Q4 2024  Earnings Release,AMC,,,,
CPAC,Cementos Pacasmayo SAA,Q1 2025  Earnings Release,AMC,,,,
CQRLF,Conquest Resources Ltd,Q4 2024  Earnings Release,TNS,,,,
CR,Crane Co,Q1 2025  Earnings Release,AMC,,,,
CRAWA,Crawford United Corp,Q1 2025  Earnings Release,BMO,,,,
CRCW,Crypto Co,Q4 2024  Earnings Release,AMC,,,,
CRDE,Cardinal Ethanol LLC,Q1 2025  Earnings Release,TAS,,,,
CRDL,Cardiol Therapeutics Inc,Q4 2024  Earnings Release,AMC,,,,
CRTG,Coretec Group Inc,Q4 2024  Earnings Release,TNS,,,,
CRWE,Crown Equity Holdings Inc,Q4 2024  Earnings Release,BMO,,,,
CSMRF,Classic Minerals Ltd,Half Year 2025  Earnings Release,TNS,,,,
CSTXF,CryptoStar Corp,Q4 2024  Earnings Release,AMC,,,,
CTHR,Charles & Colvard Ltd,Q1 2025  Earnings Release,TNS,,,,
CTHR,Charles & Colvard Ltd,Q2 2025  Earnings Release,TNS,,,,
CTRM,Castor Maritime Inc,Q4 2024  Earnings Release,BMO,,,,
CTVEF,Certive Solutions Inc,Q3 2025  Earnings Release,AMC,,,,
CVI,CVR Energy Inc,Q1 2025  Earnings Release,AMC,,,,
CX,Cemex SAB de CV,Q1 2025  Earnings Release,BMO,,,,
CXMSF,Cemex SAB de CV,Q1 2025  Earnings Release,BMO,,,,
CZFS,Citizens Financial Services Inc,Q1 2025  Earnings Release,TNS,,,,
DCSX,Direct Communication Solutions Inc,Q4 2024  Earnings Release,TNS,,,,
DDMGF,Daihatsu Diesel Mfg Co Ltd,Full Year 2025  Earnings Release,TNS,,,,
DESP,Despegar.com Corp,Q4 2024  Earnings Release,AMC,,,,
DFCO,Dalrada Financial Corp,Q2 2025  Earnings Release,AMC,,,,
DFCO,Dalrada Financial Corp,Q1 2025  Earnings Release,AMC,,,,
DGDCF,Dynasty Gold Corp,Q4 2024  Earnings Release,AMC,,,,
DIPGF,Datang International Power Generation Co Ltd,Q1 2025  Earnings Release,TNS,,,,
EAWD,Energy & Water Development Corp,Q4 2024  Earnings Release,AMC,,,,
ECLMF,Ecolomondo Corp,Q4 2024  Earnings Release,AMC,,,,
EFSC,Enterprise Financial Services Corp,Q1 2025  Earnings Release,AMC,,,,
EFSCP,Enterprise Financial Services Corp,Q1 2025  Earnings Release,AMC,,,,
EKGGF,CardioComm Solutions Inc,Q4 2024  Earnings Release,AMC,,,,
EMGDF,Eminent Gold Corp,Q4 2024  Earnings Release,TAS,,,,
ENGC,ENGlobal Corp,Q4 2024  Earnings Release,BMO,,,,
ENGCQ,ENGlobal Corp,Q4 2024  Earnings Release,BMO,,,,
ENIC,Enel Chile SA,Q1 2025  Earnings Release,AMC,,,,
EU,enCore Energy Corp,Q4 2024  Earnings Release,AMC,,,,
FDOGF,Patriot Resources Corp,Q4 2024 Friday's Dog Holdings Inc Earnings Release,AMC,,,,
FLIC,First of Long Island Corp,Q1 2025  Earnings Release,AMC,,,,
FMOCF,Fomento de Construcciones y Contratas SA,Q1 2025  Earnings Release,TNS,,,,
FMOCY,Fomento de Construcciones y Contratas SA,Q1 2025  Earnings Release,TNS,,,,
FMX,Fomento Economico Mexicano SAB de CV,Q1 2025  Earnings Release,BMO,,,,
FMXUF,Fomento Economico Mexicano SAB de CV,Q1 2025  Earnings Release,BMO,,,,
FRAF,Franklin Financial Services Corp,Q1 2025  Earnings Release,BMO,,,,
FRGGF,Forge Resources Corp,Q2 2025  Earnings Release,AMC,,,,
FRZCF,Frasers Centrepoint Trust,Half Year 2025  Earnings Release,BMO,,,,
FULO,Fullnet Communications Inc,Q4 2024 FullNet Communications Inc Earnings Release,TNS,,,,
FXNC,First National Corp,Q1 2025  Earnings Release,BMO,,,,
GBBGF,Global Li-Ion Graphite Corp,Q2 2025  Earnings Release,TNS,,,,
GCXXF,Granite Creek Copper Ltd,Q3 2025  Earnings Release,AMC,,,,
GLSDF,Grupo Lamosa SAB de CV,Q1 2025  Earnings Release,TNS,,,,
GNRGF,General Copper Gold Corp,Q2 2025  Earnings Release,TNS,,,,
GORO,Gold Resource Corp,Q1 2025  Earnings Release,TNS,,,,
GRAM,Gold Flora Corp,Q4 2024  Earnings Release,AMC,,,,
GRPOF,Grupo Traxion SAB de CV,Q1 2025  Earnings Release,TNS,,,,
GSRCF,GSP Resource Corp,Q3 2025  Earnings Release,AMC,,,,
GYSLF,Eco Oro Minerals Corp,Q4 2024  Earnings Release,TNS,,,,
HMFAF,Hammond Manufacturing Company Ltd,Q1 2025  Earnings Release,AMC,,,,
HMMR,Hammer Fiber Optics Holdings Corp,Q2 2025  Earnings Release,TAS,,,,
HMMR,Hammer Fiber Optics Holdings Corp,Q1 2025  Earnings Release,TAS,,,,
HNGZY,Hangzhou Tigermed Consulting Co Ltd,Q1 2025  Earnings Release,TNS,,,,
HOKRF,Hokuriku Electric Power Co,Full Year 2025  Earnings Release,TAS,,,,
HPCRF,Home Product Center PCL,Q1 2025  Earnings Release,TNS,,,,
HUDI,"Huadi International Group Co., Ltd.",Full Year 2024  Earnings Release,BMO,,,,
HUKEF,Hokuriku Electrical Construction Co Ltd,Full Year 2025  Earnings Release,TAS,,,,
HUPOF,Hub Power Company Ltd,Q3 2025  Earnings Release,TNS,,,,
HYHDF,Sixty Six Capital Inc,Q4 2024  Earnings Release,AMC,,,,
HYLN,Hyliion Holdings Corp,Q1 2025  Earnings Release,AMC,,,,
IDYLF,Imaging Dynamics Co Ltd,Q4 2024  Earnings Release,BMO,,,,
IMTCF,Intrepid Metals Corp,Q4 2024  Earnings Release,AMC,,,,
INIKF,Ionik Corp,Q4 2024  Earnings Release,BMO,,,,
IPOAF,Industrias Penoles SAB de CV,Q1 2025  Earnings Release,TNS,,,,
ISRJF,ReGen III Corp,Q4 2024  Earnings Release,TNS,,,,
JECFF,Jura Energy Corp,Q4 2024  Earnings Release,BMO,,,,
JEXYF,Jiangsu Expressway Co Ltd,Q1 2025  Earnings Release,TNS,,,,
JEXYY,Jiangsu Expressway Co Ltd,Q1 2025  Earnings Release,TNS,,,,
JGLDF,Japan Gold Corp,Q4 2024  Earnings Release,AMC,,,,
JIAXF,Jiangxi Copper Co Ltd,Q1 2025  Earnings Release,TNS,,,,
JKSM,Jacksam Corp,Q4 2024  Earnings Release,TNS,,,,
KASHF,Intellabridge Technology Corp,Q4 2024  Earnings Release,AMC,,,,
KIKOF,Kikkoman Corp,Full Year 2025  Earnings Release,TAS,,,,
KIKOY,Kikkoman Corp,Full Year 2025  Earnings Release,TAS,,,,
KLGDF,Kalo Gold Corp,Q1 2025  Earnings Release,AMC,,,,
LASE,Laser Photonics Corp,Q4 2024  Earnings Release,BMO,,,,
LCKYF,Golden Sky Minerals Corp,Q4 2024  Earnings Release,AMC,,,,
LCMRF,La Comer SAB de CV,Q1 2025  Earnings Release,TNS,,,,
LEVGQ,Lion Electric Co,Q4 2024  Earnings Release,BMO,,,,
LGHHF,LG H&H Co Ltd,Q1 2025  Earnings Release,TNS,,,,
LGHMF,LG H&H Co Ltd,Q1 2025  Earnings Release,TNS,,,,
LNGNF,LNG Energy Group Corp,Q4 2024  Earnings Release,BMO,,,,
LQWC,Lifequest World Corp,Q3 2024 LifeQuest World Corp Earnings Release,TNS,,,,
LSRCF,Lasertec Corp,Q3 2025  Earnings Release,TAS,,,,
LSRCY,Lasertec Corp,Q3 2025  Earnings Release,TAS,,,,
LTHCF,Lithium Ionic Corp,Q4 2024  Earnings Release,AMC,,,,
LUOYF,Triumph New Energy Co Ltd,Q1 2025  Earnings Release,TNS,,,,
LVRLF,CordovaCann Corp,Q3 2025  Earnings Release,AMC,,,,
MAANF,Maanshan Iron & Steel Co Ltd,Q1 2025  Earnings Release,TNS,,,,
MAEOY,Manila Electric Co,Q1 2025  Earnings Release,TAS,,,,
MERVF,Manila Electric Co,Q1 2025  Earnings Release,TAS,,,,
MFMLF,International Iconic Gold Exploration Corp,Q4 2024  Earnings Release,TNS,,,,
MGTI,MGT Capital Investments Inc,Q4 2024  Earnings Release,AMC,,,,
MIELF,Mitsubishi Electric Corp,Full Year 2025  Earnings Release,TAS,,,,
MIELY,Mitsubishi Electric Corp,Full Year 2025  Earnings Release,TAS,,,,
MKEWF,Makita Corp,Full Year 2025  Earnings Release,TAS,,,,
MKTAY,Makita Corp,Full Year 2025  Earnings Release,TAS,,,,
MNLXF,MiniLuxe Holding Corp,Q4 2024  Earnings Release,AMC,,,,
MONTF,Montfort Capital Corp,Q4 2024  Earnings Release,TNS,,,,
MUNMF,Mundoro Capital Inc,Q4 2024  Earnings Release,TNS,,,,
MVBF,MVB Financial Corp,Q1 2025  Earnings Release,TNS,,,,
MXGBF,Molson Coors Canada Inc,Q1 2025  Earnings Release,AMC,,,,
NCPCF,Nickel Creek Platinum Corp,Q4 2024  Earnings Release,AMC,,,,
NE,Noble Corporation PLC,Q1 2025  Earnings Release,AMC,,,,
NEGG,Newegg Commerce Inc,Full Year 2024  Earnings Release,TNS,,,,
NEXCF,Nextech3D.AI Corp,Q4 2024  Earnings Release,AMC,,,,
NGPHF,Northern Graphite Corp,Q4 2024  Earnings Release,BMO,,,,
NIPNF,NEC Corp,Full Year 2025  Earnings Release,TAS,,,,
NKLAQ,Nikola Corp,Q4 2024  Earnings Release,BMO,,,,
NSSXF,NS Solutions Corp,Full Year 2025  Earnings Release,TAS,,,,
NTST,Netstreit Corp,Q1 2025  Earnings Release,AMC,,,,
NUE,Nucor Corp,Q1 2025  Earnings Release,AMC,,,,
OLCLF,Oriental Land Co Ltd,Full Year 2025  Earnings Release,TAS,,,,
OLCLY,Oriental Land Co Ltd,Full Year 2025  Earnings Release,TAS,,,,
OOOOF,OOOOO Entertainment Commerce Ltd,Q2 2024  Earnings Release,TAS,,,,
ORRCF,Oroco Resource Corp,Q3 2025  Earnings Release,AMC,,,,
OSKXF,Osaka Steel Co Ltd,Full Year 2025  Earnings Release,TAS,,,,
PCH,Potlatchdeltic Corp,Q1 2025  Earnings Release,AMC,,,,
PERF,Perfect Corp,Q1 2025  Earnings Release,BMO,,,,
PFIS,Peoples Financial Services Corp,Q1 2025  Earnings Release,TNS,,,,
PFRRF,PetroFrontier Corp,Q4 2024  Earnings Release,AMC,,,,
PMCGF,Merdeka Copper Gold Tbk PT,Q1 2025  Earnings Release,TNS,,,,
POTRF,SOPerior Fertilizer Corp,Q4 2024  Earnings Release,AMC,,,,
PPOKF,Charoen Pokphand Indonesia Tbk PT,Q1 2025  Earnings Release,TNS,,,,
PTBKF,Surya Citra Media Tbk PT,Q1 2025  Earnings Release,TNS,,,,
PTMEY,Media Nusantara Citra Tbk PT,Q1 2025  Earnings Release,TNS,,,,
PVSP,Pervasip Corp,Q4 2024  Earnings Release,TNS,,,,
PWRMF,Power Metals Corp,Q1 2025  Earnings Release,AMC,,,,
QCAAF,Quinsam Capital Corp,Q4 2024  Earnings Release,TNS,,,,
REGMF,RemeGen Co Ltd,Q1 2025  Earnings Release,TNS,,,,
RFMPF,RFM Corp,Q1 2025  Earnings Release,TNS,,,,
RGNLF,Regional SAB de CV,Q1 2025  Earnings Release,AMC,,,,
RIOXF,Rion Co Ltd,Full Year 2025  Earnings Release,TAS,,,,
RKMSF,ROKMASTER Resources Corp,Q4 2024  Earnings Release,AMC,,,,
RLHPF,RLH Properties SAB de CV,Q1 2025  Earnings Release,TNS,,,,
RVXCF,Resverlogix Corp,Q4 2024  Earnings Release,AMC,,,,
SAHRF,Capitan Investment Ltd,Q4 2024  Earnings Release,TNS,,,,
SANM,Sanmina Corp,Q2 2025  Earnings Release,AMC,,,,
SBAC,SBA Communications Corp,Q1 2025  Earnings Release,AMC,,,,
SDGMF,Shandong Gold Mining Co Ltd,Q1 2025  Earnings Release,TNS,,,,
SEB,Seaboard Corp,Q1 2025  Earnings Release,AMC,,,,
SFDL,Security Federal Corp,Q1 2025  Earnings Release,TNS,,,,
SFDMF,Shanghai Fudan Microelectronics Group Co Ltd,Full Year 2024  Earnings Release,TAS,,,,
SFDMY,Shanghai Fudan Microelectronics Group Co Ltd,Full Year 2024  Earnings Release,TAS,,,,
SHEZF,Shenzhen Hepalink Pharmaceutical Group Co Ltd,Q1 2025  Earnings Release,TNS,,,,
SHNXY,Shandong Xinhua Pharmaceutical Co Ltd,Q1 2025  Earnings Release,TAS,,,,
SHPMF,Shanghai Pharmaceuticals Holding Co Ltd,Q1 2025  Earnings Release,TNS,,,,
SHPMY,Shanghai Pharmaceuticals Holding Co Ltd,Q1 2025  Earnings Release,TNS,,,,
SICUF,Siam City Cement PCL,Q1 2025  Earnings Release,TNS,,,,
SIELF,Shanghai Electric Group Co Ltd,Q1 2025  Earnings Release,TNS,,,,
SIELY,Shanghai Electric Group Co Ltd,Q1 2025  Earnings Release,TNS,,,,
SITC,Site Centers Corp,Q1 2025  Earnings Release,BMO,,,,
SKSUF,Sekisui Chemical Co Ltd,Full Year 2025  Earnings Release,TAS,,,,
SKSUY,Sekisui Chemical Co Ltd,Full Year 2025  Earnings Release,TAS,,,,
SMAGF,Soma Gold Corp,Q4 2024  Earnings Release,AMC,,,,
SMCI,Super Micro Computer Inc,Q3 2025  Earnings Release,TNS,,,,
SMGBF,San Miguel Corp,Q1 2025  Earnings Release,TNS,,,,
SMSSY,SMS Co Ltd,Full Year 2025  Earnings Release,TAS,,,,
SMSZF,SMS Co Ltd,Full Year 2025  Earnings Release,TAS,,,,
SNLGF,San Lorenzo Gold Corp,Q4 2024  Earnings Release,BMO,,,,
SNPMF,China Petroleum & Chemical Corp,Q1 2025  Earnings Release,AMC,,,,
SNWGF,Snowline Gold Corp,Q4 2024  Earnings Release,AMC,,,,
SOLCF,SOL Global Investments Corp,Q1 2025  Earnings Release,TNS,,,,
SSD,Simpson Manufacturing Co Inc,Q1 2025  Earnings Release,TAS,,,,
STCPF,Sella Capital Real Estate Ltd,Q1 2025  Earnings Release,TNS,,,,
TBXXF,King Copper Discovery Corp,Q4 2024  Earnings Release,AMC,,,,
TCVNF,Tocvan Ventures Corp,Q1 2025  Earnings Release,AMC,,,,
TFSL,TFS Financial Corp,Q2 2025  Earnings Release,TNS,,,,
TKGSF,Tokyo Gas Co Ltd,Full Year 2025  Earnings Release,TAS,,,,
TKGSY,Tokyo Gas Co Ltd,Full Year 2025  Earnings Release,TAS,,,,
TKMTY,Tokyo Metro Co Ltd,Full Year 2025  Earnings Release,TAS,,,,
TKYMF,Tokuyama Corp,Full Year 2025  Earnings Release,TNS,,,,
TKYMY,Tokuyama Corp,Full Year 2025  Earnings Release,TNS,,,,
TMASF,Temas Resources Corp,Q4 2024  Earnings Release,AMC,,,,
TNLX,Trans Lux Corp,Q4 2024  Earnings Release,AMC,,,,
TOAGF,Toagosei Co Ltd,Q1 2025  Earnings Release,TAS,,,,
TOYO,"TOYO Co., Ltd",Q2 2025  Earnings Release,BMO,,,,
TTDKF,TDK Corp,Full Year 2025  Earnings Release,TAS,,,,
TTDKY,TDK Corp,Full Year 2025  Earnings Release,TAS,,,,
TTMZF,Datable Technology Corp,Q3 2024  Earnings Release,AMC,,,,
TTMZF,Datable Technology Corp,Q2 2024  Earnings Release,AMC,,,,
TVCCF,Three Valley Copper Corp,Q4 2024  Earnings Release,AMC,,,,
TWO,Two Harbors Investment Corp,Q1 2025  Earnings Release,AMC,,,,
TWO-PA,Two Harbors Investment Corp,Q1 2025  Earnings Release,AMC,,,,
TWO-PB,Two Harbors Investment Corp,Q1 2025  Earnings Release,AMC,,,,
TWO-PC,Two Harbors Investment Corp,Q1 2025  Earnings Release,AMC,,,,
TYHOF,Toyota Tsusho Corp,Full Year 2025  Earnings Release,TAS,,,,
TYHOY,Toyota Tsusho Corp,Full Year 2025  Earnings Release,TAS,,,,
UAN,CVR Partners LP,Q1 2025  Earnings Release,AMC,,,,
UCIX,Umbra Companies Inc,Q4 2024  Earnings Release,TNS,,,,
UCLQF,UltraTech Cement Ltd,Q4 2025  Earnings Release,TNS,,,,
UCTT,Ultra Clean Holdings Inc,Q1 2025  Earnings Release,AMC,,,,
ULBI,Ultralife Corp,Q1 2025  Earnings Release,BMO,,,,
USSHF,Uniserve Communications Corp,Q3 2025  Earnings Release,AMC,,,,
UWHR,Uwharrie Capital Corp,Q1 2025  Earnings Release,TNS,,,,
VDOMF,Val-d'Or Mining Corp,Q4 2024  Earnings Release,TNS,,,,
VDTAF,Vendetta Mining Corp,Q3 2025  Earnings Release,TNS,,,,
VERF,Versailles Financial Corp,Q3 2025  Earnings Release,TNS,,,,
VERF,Versailles Financial Corp,Q2 2025  Earnings Release,TNS,,,,
VIPRF,Silver Viper Minerals Corp,Q4 2024  Earnings Release,TNS,,,,
VITOF,Vitro SAB de CV,Q1 2025  Earnings Release,TNS,,,,
VLMGF,Viscount Mining Corp,Q2 2025  Earnings Release,TNS,,,,
VRVR,Virtual Interactive Technologies Corp,Q4 2024  Earnings Release,AMC,,,,
VVIVF,Replenish Nutrients Holding Corp,Q4 2024  Earnings Release,AMC,,,,
WHGOF,White Gold Corp.,Q4 2024  Earnings Release,AMC,,,,
WIVCF,Western Investment Company of Canada Ltd,Q4 2024  Earnings Release,TNS,,,,
YUHNF,Yuhan Corp,Q1 2025  Earnings Release,TNS,,,,
AGFAF,Digicann Ventures Inc,Q4 2024  Earnings Release,TNS,,,,
CRSTF,Mineral Road Discovery Inc,Q3 2025  Earnings Release,AMC,,,,
DNDDF,Dundee Sustainable Technologies Inc,Q4 2024  Earnings Release,BMO,,,,
DPZ,Domino's Pizza Inc,Q1 2025  Earnings Release,BMO,,,,
DSAIF,DeepSpatial Inc,Q1 2025  Earnings Release,AMC,,,,
DSAIF,DeepSpatial Inc,Q2 2025  Earnings Release,TAS,,,,
DSECF,Daiwa Securities Group Inc,Full Year 2025  Earnings Release,TAS,,,,
DSEEY,Daiwa Securities Group Inc,Full Year 2025  Earnings Release,TAS,,,,
DTGI,Digerati Technologies Inc,Q1 2025  Earnings Release,AMC,,,,
DUUO,Duo World Inc,Q2 2024  Earnings Release,BMO,,,,
ESLGF,Logistics Development Group PLC,Full Year 2024  Earnings Release,BMO,,,,
HRBR,Harbor Diversified Inc,Q3 2024  Earnings Release,TNS,,,,
NGMDF,NuGen Medical Devices Inc,Q4 2024  Earnings Release,AMC,,,,
VPTDF,VentriPoint Diagnostics Ltd,Q4 2024  Earnings Release,AMC,,,,
YWRLF,Dixie Gold Inc,Q4 2024  Earnings Release,AMC,,,,
BABYF,Else Nutrition Holdings Inc,Q4 2024  Earnings Release,BMO,,,,
EFTR,eFFECTOR Therapeutics Inc,Q2 2024  Earnings Release,TNS,,,,
EGPLF,Eagle Plains Resources Ltd,Q4 2024  Earnings Release,AMC,,,,
EGY,VAALCO Energy Inc,Q1 2025  Earnings Release,AMC,,,,
EH,EHang Holdings Ltd,Q1 2025  Earnings Release,BMO,,,,
ELLKF,Ellaktor SA,Q4 2024  Earnings Release,AMC,,,,
ELLKY,Ellaktor SA,Q4 2024  Earnings Release,AMC,,,,
ELNRF,Elecnor SA,Q1 2025  Earnings Release,TNS,,,,
ELXXF,Elixirr International PLC,Full Year 2024  Earnings Release,TAS,,,,
ENETF,Ethernity Networks Ltd,Full Year 2024  Earnings Release,BMO,,,,
EXEL,Exelixis Inc,Q1 2025  Earnings Release,TNS,,,,
EZPW,EZCORP Inc,Q2 2025  Earnings Release,AMC,,,,
GLPEF,Galp Energia SGPS SA,Q1 2025  Earnings Release,BMO,,,,
GLPEY,Galp Energia SGPS SA,Q1 2025  Earnings Release,BMO,,,,
GMBL,Esports Entertainment Group Inc,Q4 2024  Earnings Release,AMC,,,,
GMBLP,Esports Entertainment Group Inc,Q4 2024  Earnings Release,AMC,,,,
GROM,Grom Social Enterprises Inc,Q3 2024  Earnings Release,BMO,,,,
GROM,Grom Social Enterprises Inc,Q4 2024  Earnings Release,TNS,,,,
HEES,H&E Equipment Services Inc,Q1 2025  Earnings Release,BMO,,,,
HLRTF,Hillcrest Energy Technologies Ltd,Q4 2024  Earnings Release,TNS,,,,
HTLD,Heartland Express Inc,Q1 2025  Earnings Release,TNS,,,,
JDSEF,Jadestone Energy PLC,Full Year 2024  Earnings Release,TAS,,,,
JROOF,Jericho Energy Ventures Inc,Q4 2024  Earnings Release,AMC,,,,
LNDZF,Evome Medical Technologies Inc,Q4 2024  Earnings Release,AMC,,,,
LVVV,Livewire Ergogenics Inc,Q4 2024  Earnings Release,TNS,,,,
MKSEF,Marksmen Energy Inc,Q4 2024  Earnings Release,AMC,,,,
MLCO,Melco Resorts & Entertainment Ltd,Q1 2025  Earnings Release,BMO,,,,
MNSEF,Magnis Energy Technologies Ltd,Half Year 2025  Earnings Release,TNS,,,,
NBPVF,NB Private Equity Partners Ltd,Full Year 2024  Earnings Release,TNS,,,,
PEXZF,Pacific Ridge Exploration Ltd,Q4 2024  Earnings Release,AMC,,,,
RDRIF,New Stratus Energy Inc,Q4 2025  Earnings Release,BMO,,,,
SEI,Solaris Energy Infrastructure Inc,Q1 2025  Earnings Release,AMC,,,,
SEPLF,Seplat Energy PLC,Q1 2025  Earnings Release,TAS,,,,
SEUSF,Sintana Energy Inc,Q4 2024  Earnings Release,TNS,,,,
SSEIF,Stardust Solar Energy Inc,Q4 2024 Bold Capital Enterprises Ltd Earnings Release,AMC,,,,
TRLEF,Trillion Energy International Inc,Q4 2024  Earnings Release,AMC,,,,
TXEMF,Templeton Emerging Markets Investment Trust PLC,Half Year 2025  Earnings Release,TNS,,,,
VTMEF,Vietnam Enterprise Investments Limited,Full Year 2024  Earnings Release,BMO,,,,
XELA,Exela Technologies Inc,Q4 2024  Earnings Release,AMC,,,,
XELAP,Exela Technologies Inc,Q4 2024  Earnings Release,AMC,,,,
XESP,Electronic Servitor Publication Network Inc,Q3 2024  Earnings Release,AMC,,,,
BKOR,Oak Ridge Financial Services Inc,Q1 2025  Earnings Release,TNS,,,,
FDMIF,Founders Metals Inc,Q2 2025  Earnings Release,AMC,,,,
FFBW,Ffbw Inc,Q1 2025  Earnings Release,TAS,,,,
FFIV,F5 Inc,Q2 2025  Earnings Release,AMC,,,,
FFNW,First Financial Northwest Inc,Q1 2025  Earnings Release,TNS,,,,
FIISO,Financial Institutions Inc,Q1 2025  Earnings Release,AMC,,,,
FIISP,Financial Institutions Inc,Q1 2025  Earnings Release,AMC,,,,
FINN,First National of Nebraska Inc,Q1 2025  Earnings Release,TNS,,,,
FISI,Financial Institutions Inc,Q1 2025  Earnings Release,AMC,,,,
FLMTF,Full Metal Minerals Ltd,Q3 2025  Earnings Release,AMC,,,,
FLXT,Flexpoint Sensor Systems Inc,Q4 2024  Earnings Release,AMC,,,,
FPI,Farmland Partners Inc,Q1 2025  Earnings Release,TNS,,,,
GBFH,GBank Financial Holdings Inc,Q1 2025  Earnings Release,TNS,,,,
LOWLF,Lowell Farms Inc,Q4 2024  Earnings Release,BMO,,,,
PKKFF,Tenet Fintech Group Inc,Q4 2024  Earnings Release,BMO,,,,
PROV,Provident Financial Holdings Inc,Q3 2025  Earnings Release,BMO,,,,
VFRM,Veritas Farms Inc,Q4 2023  Earnings Release,AMC,,,,
GCHOY,Grupo Nutresa SA,Q1 2025  Earnings Release,AMC,,,,
GENC,Gencor Industries Inc,Q1 2025  Earnings Release,TNS,,,,
GGB,Gerdau SA,Q1 2025  Earnings Release,AMC,,,,
GGDVF,Guangdong Investment Ltd,Q1 2025  Earnings Release,TNS,,,,
GGDVY,Guangdong Investment Ltd,Q1 2025  Earnings Release,TNS,,,,
GGGOF,Golconda Gold Ltd,Q4 2024  Earnings Release,TAS,,,,
GGTHF,Golden Goliath Resources Ltd,Q2 2025  Earnings Release,TNS,,,,
GIGM,GigaMedia Ltd,Q1 2025  Earnings Release,BMO,,,,
GIPIF,Green Impact Partners Inc,Q4 2024  Earnings Release,BMO,,,,
GKPRF,Gatekeeper Systems Inc,Q2 2025  Earnings Release,BMO,,,,
GLTO,Galecto Inc,Q1 2025  Earnings Release,TAS,,,,
GPHOF,Graphite One Inc,Q4 2024  Earnings Release,AMC,,,,
GUGNF,GDH Guangnan (Holdings) Ltd,Q1 2025  Earnings Release,TNS,,,,
GVXXF,GoviEx Uranium Inc,Q4 2024 Goviex Uranium Inc Earnings Release,TNS,,,,
KNDI,Kandi Technologies Group Inc,Q1 2025  Earnings Release,BMO,,,,
KYBWF,Guangdong Land Holdings Ltd,Q1 2025  Earnings Release,TNS,,,,
LNCLF,Lincoln Gold Mining Inc,Q4 2024  Earnings Release,AMC,,,,
LODFF,Lode Gold Resources Inc,Q4 2024  Earnings Release,AMC,,,,
NCAUF,Newcore Gold Ltd,Q4 2024  Earnings Release,AMC,,,,
NETWF,Network Media Group Inc,Q1 2025  Earnings Release,TNS,,,,
PPAAF,Perusahaan Gas Negara Tbk PT,Q1 2025  Earnings Release,TNS,,,,
PPAAY,Perusahaan Gas Negara Tbk PT,Q1 2025  Earnings Release,TNS,,,,
PTGOF,Global Mediacom Tbk PT,Q1 2025  Earnings Release,TNS,,,,
QNNTF,Quantum Genomics SA,Full Year 2024  Earnings Release,TNS,,,,
SDA,SunCar Technology Group Inc,Full Year 2024  Earnings Release,AMC,,,,
SGRP,SPAR Group Inc,Q4 2024  Earnings Release,BMO,,,,
SJW,SJW Group,Q1 2025  Earnings Release,AMC,,,,
TSORF,Tesoro Gold Ltd,Half Year 2025  Earnings Release,TNS,,,,
UGHB,Universal Global Hub Inc,Q2 2024  Earnings Release,AMC,,,,
USLG,US Lighting Group Inc,Q4 2024  Earnings Release,AMC,,,,
VINOQ,Gaucho Group Holdings Inc,Q4 2024  Earnings Release,AMC,,,,
YWGRF,Yowie Group Ltd,Half Year 2025  Earnings Release,TNS,,,,
CHYPF,Health Logic Interactive Inc,Q4 2024  Earnings Release,AMC,,,,
EVRRF,Molecule Holdings Inc,Q3 2024  Earnings Release,BMO,,,,
HAPBF,Hapbee Technologies Inc,Q4 2024  Earnings Release,TNS,,,,
HLIT,Harmonic Inc,Q1 2025  Earnings Release,AMC,,,,
HMBL,Humbl Inc,Q4 2024  Earnings Release,AMC,,,,
HMST,HomeStreet Inc,Q1 2025  Earnings Release,TNS,,,,
HMTXF,Hemostemix Inc,Q4 2024  Earnings Release,AMC,,,,
HOPHF,Hemogenyx Pharmaceuticals PLC,Full Year 2024  Earnings Release,TAS,,,,
HSTA,Hestia Insight Inc,Q1 2025  Earnings Release,AMC,,,,
HSTOQ,Histogen Inc,Q2 2024  Earnings Release,TAS,,,,
HTHIF,Hitachi Ltd,Full Year 2025  Earnings Release,TAS,,,,
HTHIY,Hitachi Ltd,Full Year 2025  Earnings Release,TAS,,,,
HUNGF,Huaneng Power International Inc,Q1 2025  Earnings Release,TNS,,,,
HYDTF,Hydreight Technologies Inc,Q4 2024  Earnings Release,AMC,,,,
INND,"InnerScope Hearing Technologies, Inc.",Q4 2024  Earnings Release,TNS,,,,
LIMX,Limitless X Holdings Inc,Q4 2024  Earnings Release,TNS,,,,
LU,Lufax Holding Ltd,Q1 2025  Earnings Release,TNS,,,,
LUXFD,Luxxfolio Holdings Inc,Q2 2025  Earnings Release,AMC,,,,
LUXFF,Luxxfolio Holdings Inc,Q2 2025  Earnings Release,AMC,,,,
LUXH,LuxUrban Hotels Inc,Q4 2024  Earnings Release,AMC,,,,
LUXHP,LuxUrban Hotels Inc,Q4 2024  Earnings Release,AMC,,,,
MARK,Remark Holdings Inc,Q4 2024  Earnings Release,AMC,,,,
MHIFF,Mineral Hill Industries Ltd,Q1 2025  Earnings Release,TNS,,,,
OPTX,Syntec Optics Holdings Inc,Q4 2024  Earnings Release,BMO,,,,
OSCMY,Orascom Investment Holding SAE,Full Year 2024  Earnings Release,TNS,,,,
PNDHF,Pond Technologies Holdings Inc,Q4 2024  Earnings Release,AMC,,,,
PPIH,Perma-Pipe International Holdings Inc,Q4 2024  Earnings Release,BMO,,,,
PT,Pintec Technology Holdings Ltd,Full Year 2024  Earnings Release,TAS,,,,
SEVN,Seven Hills Realty Trust,Q1 2025  Earnings Release,AMC,,,,
SOND,Sonder Holdings Inc,Q4 2024  Earnings Release,AMC,,,,
STRM,Streamline Health Solutions Inc,Q4 2024  Earnings Release,AMC,,,,
SUIC,SUIC Worldwide Holdings Ltd,Q4 2024  Earnings Release,AMC,,,,
UHS,Universal Health Services Inc,Q1 2025  Earnings Release,AMC,,,,
UHT,Universal Health Realty Income Trust,Q1 2025  Earnings Release,TNS,,,,
VSEE,Vsee Health Inc,Q4 2024  Earnings Release,TAS,,,,
WPFH,WPF Holdings Inc,Q2 2025  Earnings Release,TNS,,,,
BRIOF,Magna Terra Minerals Inc,Q2 2025  Earnings Release,AMC,,,,
DBKSF,Spetz Inc,Q4 2024  Earnings Release,TAS,,,,
ICCT,iCoreConnect Inc,Q4 2024  Earnings Release,AMC,,,,
ICNP,iCoreConnect Inc,Q4 2024  Earnings Release,AMC,,,,
IMYSF,Imerys SA,Q1 2025  Earnings Release,TAS,,,,
IMYSY,Imerys SA,Q1 2025  Earnings Release,TAS,,,,
INCR,InterCure Ltd,Full Year 2024  Earnings Release,TAS,,,,
INMD,Inmode Ltd,Q1 2025  Earnings Release,BMO,,,,
INTWF,Sharc International Systems Inc,Q4 2024  Earnings Release,TAS,,,,
INVRF,Inverite Insights Inc,Q4 2024  Earnings Release,TAS,,,,
IQEPF,IQE PLC,Full Year 2024  Earnings Release,BMO,,,,
IQEPY,IQE PLC,Full Year 2024  Earnings Release,BMO,,,,
ISUNQ,iSun Inc,Q3 2024  Earnings Release,BMO,,,,
JNCCF,Metalite Resources Inc,Q4 2024  Earnings Release,AMC,,,,
KFRC,Kforce Inc,Q1 2025  Earnings Release,AMC,,,,
KRKNF,Kraken Robotics Inc,Q4 2024  Earnings Release,TAS,,,,
KRLTF,Karnalyte Resources Inc,Q4 2024  Earnings Release,AMC,,,,
LEG,Leggett & Platt Inc,Q1 2025  Earnings Release,AMC,,,,
LFSWF,Lifeist Wellness Inc,Q1 2025  Earnings Release,AMC,,,,
LMLLF,Pharmadrug Inc,Q4 2024  Earnings Release,AMC,,,,
LPMDF,Lippo Malls Indonesia Retail Trust,Q1 2025  Earnings Release,AMC,,,,
LTRX,Lantronix Inc,Q3 2025  Earnings Release,TNS,,,,
LYRA,Lyra Therapeutics Inc,Q1 2025  Earnings Release,TNS,,,,
MCSAP,MicroStrategy Inc,Q1 2025 Microstrategy Inc Earnings Release,TNS,,,,
MCUJF,Medicure Inc,Q4 2024  Earnings Release,AMC,,,,
MED,Medifast Inc,Q1 2025  Earnings Release,AMC,,,,
MEDVF,Medivolve Inc,Q4 2024  Earnings Release,AMC,,,,
MENEF,Mene Inc,Q4 2024  Earnings Release,TAS,,,,
MMATQ,Meta Materials Inc,Q4 2024  Earnings Release,AMC,,,,
MMND,Mastermind Inc,Q4 2024  Earnings Release,AMC,,,,
MSTEP,MicroStrategy Inc,Q1 2025 Microstrategy Inc Earnings Release,TNS,,,,
MTEM,Molecular Templates Inc,Q4 2024  Earnings Release,BMO,,,,
MTEMQ,Molecular Templates Inc,Q4 2024  Earnings Release,BMO,,,,
NAAS,Naas Technology Inc,Q4 2024 NaaS Technology Inc Earnings Release,TNS,,,,
NCRA,Nocera Inc,Q4 2024  Earnings Release,AMC,,,,
NDVAF,Indiva Ltd,Q3 2024  Earnings Release,BMO,,,,
NEPTF,Neptune Wellness Solutions Inc,Q2 2025  Earnings Release,TNS,,,,
NEXNF,NEXE Innovations Inc,Q3 2025  Earnings Release,AMC,,,,
NGKIF,NGK Insulators Ltd,Full Year 2025  Earnings Release,TAS,,,,
NLST,Netlist Inc,Q1 2025  Earnings Release,BMO,,,,
NMRD,Nemaura Medical Inc,Q1 2025  Earnings Release,BMO,,,,
NOV,Nov Inc,Q1 2025  Earnings Release,AMC,,,,
NPK,National Presto Industries Inc,Q1 2025  Earnings Release,AMC,,,,
NRRWF,Nuran Wireless Inc,Q4 2024 NuRAN Wireless Inc Earnings Release,AMC,,,,
NSUPF,Northern Superior Resources Inc,Q4 2024  Earnings Release,AMC,,,,
NTRB,Nutriband Inc,Q4 2025  Earnings Release,AMC,,,,
NUMIF,Numinus Wellness Inc,Q4 2024  Earnings Release,AMC,,,,
NVOS,Novo Integrated Sciences Inc,Q2 2025  Earnings Release,TNS,,,,
NVRVF,Novra Technologies Inc,Q4 2024  Earnings Release,AMC,,,,
NWTN,NWTN Inc,Half Year 2024  Earnings Release,AMC,,,,
OGNRF,Orogen Royalties Inc,Q4 2024  Earnings Release,AMC,,,,
ORGS,Orgenesis Inc,Q4 2024  Earnings Release,AMC,,,,
ORKA,Oruka Therapeutics Inc,Q1 2025  Earnings Release,TNS,,,,
OROXF,Orosur Mining Inc,Q3 2025  Earnings Release,TNS,,,,
OWRDF,One World Lithium Inc,Q4 2024  Earnings Release,AMC,,,,
PCHM,PharmChem Inc,Q1 2025  Earnings Release,TNS,,,,
PDM,Piedmont Office Realty Trust Inc,Q1 2025  Earnings Release,AMC,,,,
PEVM,Phoenix Motor Inc,Q4 2024  Earnings Release,TNS,,,,
PGID,Peregrine Industries Inc,Q1 2025  Earnings Release,BMO,,,,
PGID,Peregrine Industries Inc,Q4 2024  Earnings Release,BMO,,,,
PIFMF,Indofood Sukses Makmur Tbk PT,Q1 2025  Earnings Release,TNS,,,,
PIFMY,Indofood Sukses Makmur Tbk PT,Q1 2025  Earnings Release,TNS,,,,
PLCKF,Plurilock Security Inc,Q4 2024  Earnings Release,AMC,,,,
PNPNF,Power Metallic Mines Inc,Q4 2024  Earnings Release,AMC,,,,
PSGTF,Semen Indonesia (Persero) Tbk PT,Q1 2025  Earnings Release,AMC,,,,
PSGTY,Semen Indonesia (Persero) Tbk PT,Q1 2025  Earnings Release,AMC,,,,
PSRYF,Surya Semesta Internusa Tbk PT,Q1 2025  Earnings Release,TNS,,,,
PTITF,Indosat Tbk PT,Q1 2025  Earnings Release,TNS,,,,
PTMYF,Mayora Indah Tbk PT,Q1 2025  Earnings Release,TNS,,,,
QLGN,Qualigen Therapeutics Inc,Q4 2024  Earnings Release,AMC,,,,
RBOT,Vicarious Surgical Inc,Q1 2025  Earnings Release,TNS,,,,
RBTC,Rubicon Technologies Inc,Q4 2024  Earnings Release,AMC,,,,
RKVTF,Rakovina Therapeutics Inc,Q4 2024  Earnings Release,TAS,,,,
RMBS,Rambus Inc,Q1 2025  Earnings Release,AMC,,,,
ROP,Roper Technologies Inc,Q1 2025  Earnings Release,BMO,,,,
RPT,Rithm Property Trust Inc,Q1 2025  Earnings Release,BMO,,,,
RPT-PC,Rithm Property Trust Inc,Q1 2025  Earnings Release,BMO,,,,
RVTY,Revvity Inc,Q1 2025  Earnings Release,BMO,,,,
SHMP,NaturalShrimp Inc,Q2 2025  Earnings Release,AMC,,,,
SHMP,NaturalShrimp Inc,Q3 2025  Earnings Release,AMC,,,,
SHWZ,Medicine Man Technologies Inc,Q4 2024  Earnings Release,TNS,,,,
SLSN,Solesence Inc,Q1 2025 Nanophase Technologies Corp Earnings Release,TNS,,,,
SNIPF,Snipp Interactive Inc,Q4 2024  Earnings Release,AMC,,,,
SOCNF,Socionext Inc,Full Year 2025  Earnings Release,TAS,,,,
SRKE,Strake Inc,Q2 2025  Earnings Release,TNS,,,,
SRSG,Spirits Time International Inc,Q4 2024  Earnings Release,TNS,,,,
SSKN,STRATA Skin Sciences Inc,Q1 2025  Earnings Release,TNS,,,,
TER,Teradyne Inc,Q1 2025  Earnings Release,AMC,,,,
TRVN,Trevena Inc,Q4 2024  Earnings Release,BMO,,,,
UFPI,Ufp Industries Inc,Q1 2025  Earnings Release,AMC,,,,
UNXP,OZ Vision Inc,Q3 2025  Earnings Release,BMO,,,,
USLM,United States Lime & Minerals Inc,Q1 2025  Earnings Release,TNS,,,,
VDRM,Viaderma Inc,Q4 2024  Earnings Release,TNS,,,,
VDRM,Viaderma Inc,Q1 2025  Earnings Release,TNS,,,,
VISL,Vislink Technologies Inc,Q4 2024  Earnings Release,BMO,,,,
VSQTF,Victory Square Technologies Inc,Q4 2024  Earnings Release,AMC,,,,
WELL,Welltower Inc,Q1 2025  Earnings Release,AMC,,,,
WM,Waste Management Inc,Q1 2025  Earnings Release,AMC,,,,
WWD,Woodward Inc,Q2 2025  Earnings Release,TAS,,,,
XIFR,XPLR Infrastructure LP,Q1 2025 Nextera Energy Partners LP Earnings Release,BMO,,,,
PTJSF,Jasa Marga (Persero) Tbk PT,Q1 2025  Earnings Release,TNS,,,,
PTJSY,Jasa Marga (Persero) Tbk PT,Q1 2025  Earnings Release,TNS,,,,
PTPKF,Pakuwon Jati Tbk PT,Q1 2025  Earnings Release,TNS,,,,
KMTUF,Komatsu Ltd,Full Year 2025  Earnings Release,TAS,,,,
KMTUY,Komatsu Ltd,Full Year 2025  Earnings Release,TAS,,,,
KVGOF,Kavango Resources PLC,Full Year 2024  Earnings Release,TAS,,,,
LMMFF,Livium Ltd,Q3 2025  Earnings Release,TNS,,,,
LOBEF,Lobe Sciences Ltd,Q2 2025  Earnings Release,AMC,,,,
MKNGF,Mkango Resources Ltd,Q4 2024  Earnings Release,AMC,,,,
NPPSF,Nippon Sharyo Ltd,Full Year 2025  Earnings Release,TAS,,,,
OPRA,Opera Ltd,Q1 2025  Earnings Release,BMO,,,,
PCQRF,Petrolympic Ltd,Q4 2024  Earnings Release,TNS,,,,
PLTYF,Plastec Technologies Ltd,Full Year 2024  Earnings Release,BMO,,,,
RIG,Transocean Ltd,Q1 2025  Earnings Release,AMC,,,,
SAPLF,Sylvania Platinum Ltd,Q3 2025  Earnings Release,BMO,,,,
SILC,Silicom Ltd,Q1 2025  Earnings Release,BMO,,,,
SPCB,Supercom Ltd,Q4 2024  Earnings Release,BMO,,,,
SPNT,Siriuspoint Ltd,Q1 2025  Earnings Release,AMC,,,,
SPNT-PB,Siriuspoint Ltd,Q1 2025  Earnings Release,AMC,,,,
SRL,Scully Royalty Ltd,Full Year 2024  Earnings Release,TNS,,,,
SRLZF,Salazar Resources Ltd,Q4 2024  Earnings Release,AMC,,,,
TAOIF,TAG Oil Ltd,Q4 2024  Earnings Release,AMC,,,,
TOTDF,TOTO Ltd,Full Year 2025  Earnings Release,TAS,,,,
TOTDY,TOTO Ltd,Full Year 2025  Earnings Release,TAS,,,,
YGRAF,Yangarra Resources Ltd,Q1 2025  Earnings Release,TNS,,,,
MHPSL,MHP SE,Q4 2024 Mhp Se Earnings Release,TAS,,,,
MHPSY,MHP SE,Q4 2024 Mhp Se Earnings Release,TAS,,,,
MMAPF,Memscap SA,Q1 2025  Earnings Release,TNS,,,,
MRVCF,Metrovacesa SA,Q1 2025  Earnings Release,AMC,,,,
POWMF,Power Metal Resources PLC,Full Year 2024  Earnings Release,BMO,,,,
NXPI,NXP Semiconductors NV,Q1 2025  Earnings Release,AMC,,,,
PTTMF,Timah Tbk PT,Q1 2025  Earnings Release,TNS,,,,
PTXAF,XLSMART Telecom Sejahtera Tbk PT,Q1 2025 XL Axiata Tbk PT Earnings Release,TNS,,,,
PTXKY,XLSMART Telecom Sejahtera Tbk PT,Q1 2025 XL Axiata Tbk PT Earnings Release,TNS,,,,
PUTKF,United Tractors Tbk PT,Q1 2025  Earnings Release,TNS,,,,
PUTKY,United Tractors Tbk PT,Q1 2025  Earnings Release,TNS,,,,
ROQAF,Roquefort Therapeutics PLC,Full Year 2024  Earnings Release,BMO,,,,
TRATF,Traton SE,Q1 2025  Earnings Release,TAS,,,,
TRATY,Traton SE,Q1 2025  Earnings Release,TAS,,,,
VIVHY,Vivendi SE,Q1 2025  Earnings Release,TNS,,,,
VSCFF,Viscofan SA,Q1 2025  Earnings Release,BMO,,,,
VVVNF,Vivendi SE,Q1 2025  Earnings Release,TNS,,,,
